route,label_index,rows,components,body_groups,observed_source_symbols,fit_rows,fit_components,validation_rows,validation_components
asa,1,78748,7659,16484,7659,62522,6192,16226,1467
asa,2,34059,329,9492,329,23755,253,10304,76
asa_acl,0,16,8,8,0,16,8,0,0
asa_protocol,1,48,11,11,11,44,10,4,1
audit_fields,0,8577,7884,7884,0,6864,6308,1713,1576
authentication,0,325,265,265,0,263,216,62,49
authentication,2,12,10,10,0,8,6,4,4
bounded_payload,2,35,4,35,4,25,2,10,2
cef_fields,0,4136,33,2066,25,4040,28,96,5
cef_fields,1,44,7,8,7,32,5,12,2
cef_fields,2,2,1,1,1,2,1,0,0
empty,0,356315,1705,356315,1705,305357,1355,50958,350
format_payload,0,1009,554,554,0,779,437,230,117
native_firewall,1,260,31,33,31,180,21,80,10
native_flow,1,32596,3091,5908,3091,25626,2429,6970,662
syslog_auth,2,219,219,219,0,178,178,41,41
syslog_body,0,17794,7763,7763,0,12690,6199,5104,1564
unsupported,0,271477,97055,101059,16,222044,77773,49433,19282
unsupported,1,30,4,4,1,22,3,8,1
vpc_v2,0,30131,111,111,0,23408,86,6723,25
vpc_v2,2,10620,33,45,33,7788,24,2832,9
windows_message,0,828391,245716,261416,481,670419,196537,157972,49179
windows_message,1,2,1,1,0,2,1,0,0
windows_message,2,473,13,473,8,38,7,435,6
windows_rendered,0,381552,837,1155,33,287448,654,94104,183
