route,train_M,internal_M,target_M,internal_M_share,target_M_share,internal_D_M_recall,full_D_M_recall
asa,78748,16226,5098,0.6963948497854078,0.3627953316253914,0.9789227166276346,0.4868575912122401
asa_acl,0,0,0,0.0,0.0,,
asa_protocol,48,4,0,0.00017167381974248928,0.0,1.0,
audit_fields,0,0,0,0.0,0.0,,
authentication,0,0,28,0.0,0.0019925989183034445,,0.0
bounded_payload,0,0,0,0.0,0.0,,
cef_fields,44,12,0,0.0005150214592274678,0.0,0.5,
empty,0,0,0,0.0,0.0,,
format_payload,0,0,0,0.0,0.0,,
native_firewall,260,80,0,0.0034334763948497852,0.0,1.0,
native_flow,32596,6970,0,0.29914163090128754,0.0,1.0,
syslog_auth,0,0,0,0.0,0.0,,
syslog_body,0,0,0,0.0,0.0,,
unsupported,30,8,6226,0.00034334763948497857,0.4430686023341873,0.0,0.0
vpc_v2,0,0,2664,0.0,0.18958155422715628,,0.0
windows_message,2,0,36,0.0,0.0025619128949615714,,0.0
windows_rendered,0,0,0,0.0,0.0,,
