arm,route,label,role,rows,averaged_errors,last_iterate_errors
D,asa,malicious,fit,62522,1548,12684
E,asa,malicious,fit,62522,2438,12890
F,asa,malicious,fit,62522,2752,12736
D,asa,malicious,validation,16226,342,3564
E,asa,malicious,validation,16226,584,3720
F,asa,malicious,validation,16226,640,3630
D,asa,suspicious,fit,23755,684,6
E,asa,suspicious,fit,23755,628,4
F,asa,suspicious,fit,23755,620,4
D,asa,suspicious,validation,10304,239,12
E,asa,suspicious,validation,10304,226,8
F,asa,suspicious,validation,10304,224,10
D,asa_acl,benign,fit,16,8,12
E,asa_acl,benign,fit,16,2,2
F,asa_acl,benign,fit,16,0,0
D,asa_protocol,malicious,fit,44,8,12
E,asa_protocol,malicious,fit,44,8,12
F,asa_protocol,malicious,fit,44,0,8
D,asa_protocol,malicious,validation,4,0,0
E,asa_protocol,malicious,validation,4,0,0
F,asa_protocol,malicious,validation,4,0,0
D,audit_fields,benign,fit,6864,0,0
E,audit_fields,benign,fit,6864,0,0
F,audit_fields,benign,fit,6864,0,0
D,audit_fields,benign,validation,1713,0,0
E,audit_fields,benign,validation,1713,0,0
F,audit_fields,benign,validation,1713,0,0
D,authentication,benign,fit,263,0,0
E,authentication,benign,fit,263,0,0
F,authentication,benign,fit,263,0,0
D,authentication,benign,validation,62,0,0
E,authentication,benign,validation,62,0,0
F,authentication,benign,validation,62,0,0
D,authentication,suspicious,fit,8,8,8
E,authentication,suspicious,fit,8,8,8
F,authentication,suspicious,fit,8,0,0
D,authentication,suspicious,validation,4,4,4
E,authentication,suspicious,validation,4,4,4
F,authentication,suspicious,validation,4,0,0
D,bounded_payload,suspicious,fit,25,25,25
E,bounded_payload,suspicious,fit,25,25,25
F,bounded_payload,suspicious,fit,25,0,0
D,bounded_payload,suspicious,validation,10,10,10
E,bounded_payload,suspicious,validation,10,10,10
F,bounded_payload,suspicious,validation,10,5,0
D,cef_fields,benign,fit,4040,0,0
E,cef_fields,benign,fit,4040,0,0
F,cef_fields,benign,fit,4040,0,0
D,cef_fields,benign,validation,96,0,0
E,cef_fields,benign,validation,96,0,0
F,cef_fields,benign,validation,96,0,0
D,cef_fields,malicious,fit,32,28,28
E,cef_fields,malicious,fit,32,28,32
F,cef_fields,malicious,fit,32,0,6
D,cef_fields,malicious,validation,12,6,6
E,cef_fields,malicious,validation,12,6,12
F,cef_fields,malicious,validation,12,0,0
D,cef_fields,suspicious,fit,2,2,2
E,cef_fields,suspicious,fit,2,2,2
F,cef_fields,suspicious,fit,2,0,0
D,empty,benign,fit,305357,0,0
E,empty,benign,fit,305357,0,0
F,empty,benign,fit,305357,0,0
D,empty,benign,validation,50958,0,0
E,empty,benign,validation,50958,0,0
F,empty,benign,validation,50958,0,0
D,format_payload,benign,fit,779,0,0
E,format_payload,benign,fit,779,0,0
F,format_payload,benign,fit,779,0,0
D,format_payload,benign,validation,230,0,0
E,format_payload,benign,validation,230,0,0
F,format_payload,benign,validation,230,0,0
D,native_firewall,malicious,fit,180,0,0
E,native_firewall,malicious,fit,180,0,0
F,native_firewall,malicious,fit,180,0,0
D,native_firewall,malicious,validation,80,0,0
E,native_firewall,malicious,validation,80,0,0
F,native_firewall,malicious,validation,80,0,0
D,native_flow,malicious,fit,25626,0,12
E,native_flow,malicious,fit,25626,0,12
F,native_flow,malicious,fit,25626,0,0
D,native_flow,malicious,validation,6970,0,8
E,native_flow,malicious,validation,6970,0,8
F,native_flow,malicious,validation,6970,0,0
D,syslog_auth,suspicious,fit,178,0,0
E,syslog_auth,suspicious,fit,178,0,0
F,syslog_auth,suspicious,fit,178,0,0
D,syslog_auth,suspicious,validation,41,0,0
E,syslog_auth,suspicious,validation,41,0,0
F,syslog_auth,suspicious,validation,41,0,0
D,syslog_body,benign,fit,12690,0,0
E,syslog_body,benign,fit,12690,0,0
F,syslog_body,benign,fit,12690,0,0
D,syslog_body,benign,validation,5104,0,0
E,syslog_body,benign,validation,5104,0,0
F,syslog_body,benign,validation,5104,0,0
D,unsupported,benign,fit,222044,0,0
E,unsupported,benign,fit,222044,0,0
F,unsupported,benign,fit,222044,0,0
D,unsupported,benign,validation,49433,0,0
E,unsupported,benign,validation,49433,0,0
F,unsupported,benign,validation,49433,0,0
D,unsupported,malicious,fit,22,22,22
E,unsupported,malicious,fit,22,22,22
F,unsupported,malicious,fit,22,22,22
D,unsupported,malicious,validation,8,8,8
E,unsupported,malicious,validation,8,8,8
F,unsupported,malicious,validation,8,8,8
D,vpc_v2,benign,fit,23408,0,0
E,vpc_v2,benign,fit,23408,0,0
F,vpc_v2,benign,fit,23408,0,0
D,vpc_v2,benign,validation,6723,0,0
E,vpc_v2,benign,validation,6723,0,0
F,vpc_v2,benign,validation,6723,0,0
D,vpc_v2,suspicious,fit,7788,0,0
E,vpc_v2,suspicious,fit,7788,0,0
F,vpc_v2,suspicious,fit,7788,0,0
D,vpc_v2,suspicious,validation,2832,0,0
E,vpc_v2,suspicious,validation,2832,0,0
F,vpc_v2,suspicious,validation,2832,0,0
D,windows_message,benign,fit,670419,0,0
E,windows_message,benign,fit,670419,0,0
F,windows_message,benign,fit,670419,0,0
D,windows_message,benign,validation,157972,0,0
E,windows_message,benign,validation,157972,0,0
F,windows_message,benign,validation,157972,0,0
D,windows_message,malicious,fit,2,2,2
E,windows_message,malicious,fit,2,2,2
F,windows_message,malicious,fit,2,2,2
D,windows_message,suspicious,fit,38,38,20
E,windows_message,suspicious,fit,38,38,20
F,windows_message,suspicious,fit,38,3,0
D,windows_message,suspicious,validation,435,435,92
E,windows_message,suspicious,validation,435,435,118
F,windows_message,suspicious,validation,435,10,0
D,windows_rendered,benign,fit,287448,0,0
E,windows_rendered,benign,fit,287448,0,0
F,windows_rendered,benign,fit,287448,0,0
D,windows_rendered,benign,validation,94104,0,0
E,windows_rendered,benign,validation,94104,0,0
F,windows_rendered,benign,validation,94104,0,0
