route,arm,label,rows,inner_errors,full_errors,fixed_by_refit,broken_by_refit,label_changes
asa,D,malicious,5098,2146,2616,4,474,478
asa,D,suspicious,38473,1043,676,367,0,367
asa,F,malicious,5098,2894,2912,56,74,130
asa,F,suspicious,38473,1265,1055,210,0,210
asa_acl,D,benign,34,6,4,2,0,4
asa_acl,F,benign,34,0,0,0,0,0
audit_fields,D,benign,1701,0,0,0,0,0
audit_fields,F,benign,1701,0,0,0,0,0
authentication,D,benign,3,0,0,0,0,0
authentication,D,malicious,28,28,28,0,0,0
authentication,D,suspicious,1,1,1,0,0,0
authentication,F,benign,3,0,0,0,0,0
authentication,F,malicious,28,28,28,0,0,0
authentication,F,suspicious,1,0,0,0,0,0
bounded_payload,D,suspicious,91,91,91,0,0,0
bounded_payload,F,suspicious,91,39,13,26,0,26
cef_fields,D,benign,8761,0,0,0,0,0
cef_fields,F,benign,8761,8,8,0,0,0
empty,D,benign,954292,0,0,0,0,0
empty,F,benign,954292,0,0,0,0,0
unsupported,D,benign,925509,0,0,0,0,0
unsupported,D,malicious,6226,6226,6226,0,0,0
unsupported,F,benign,925509,0,0,0,0,0
unsupported,F,malicious,6226,6226,6226,0,0,0
vpc_v2,D,benign,51493,0,0,0,0,0
vpc_v2,D,malicious,2664,2664,2664,0,0,0
vpc_v2,D,suspicious,1853,0,0,0,0,0
vpc_v2,F,benign,51493,0,0,0,0,0
vpc_v2,F,malicious,2664,2664,2664,0,0,0
vpc_v2,F,suspicious,1853,0,0,0,0,0
windows_message,D,benign,17780,0,0,0,0,0
windows_message,D,malicious,36,36,36,0,0,24
windows_message,D,suspicious,9,9,9,0,0,0
windows_message,F,benign,17780,28,2,26,0,26
windows_message,F,malicious,36,36,36,0,0,0
windows_message,F,suspicious,9,9,9,0,0,0
