route,model,task,positive_rows,negative_rows,auroc,average_precision,positive_prevalence
asa,D_inner,M_vs_all,5098,38473,0.9801806664595512,0.8213299923740851,0.11700442955176608
asa,D_inner,M_vs_B,5098,0,,,1.0
asa,D_inner,M_vs_S,5098,38473,0.9806776701766882,0.8335521126453683,0.11700442955176608
asa,D_full,M_vs_all,5098,38473,0.9834803673385677,0.8639509264979527,0.11700442955176608
asa,D_full,M_vs_B,5098,0,,,1.0
asa,D_full,M_vs_S,5098,38473,0.983613744618423,0.8672644478822791,0.11700442955176608
asa,F_inner,M_vs_all,5098,38473,0.9691624285135254,0.6736216528595642,0.11700442955176608
asa,F_inner,M_vs_B,5098,0,,,1.0
asa,F_inner,M_vs_S,5098,38473,0.9704696278265059,0.6960682945967048,0.11700442955176608
asa,F_full,M_vs_all,5098,38473,0.9726120054827035,0.7266558263994929,0.11700442955176608
asa,F_full,M_vs_B,5098,0,,,1.0
asa,F_full,M_vs_S,5098,38473,0.9739112307106041,0.7562556142648038,0.11700442955176608
asa_acl,D_inner,M_vs_all,0,34,,,0.0
asa_acl,D_inner,M_vs_B,0,34,,,0.0
asa_acl,D_inner,M_vs_S,0,0,,,
asa_acl,D_full,M_vs_all,0,34,,,0.0
asa_acl,D_full,M_vs_B,0,34,,,0.0
asa_acl,D_full,M_vs_S,0,0,,,
asa_acl,F_inner,M_vs_all,0,34,,,0.0
asa_acl,F_inner,M_vs_B,0,34,,,0.0
asa_acl,F_inner,M_vs_S,0,0,,,
asa_acl,F_full,M_vs_all,0,34,,,0.0
asa_acl,F_full,M_vs_B,0,34,,,0.0
asa_acl,F_full,M_vs_S,0,0,,,
audit_fields,D_inner,M_vs_all,0,1701,,,0.0
audit_fields,D_inner,M_vs_B,0,1701,,,0.0
audit_fields,D_inner,M_vs_S,0,0,,,
audit_fields,D_full,M_vs_all,0,1701,,,0.0
audit_fields,D_full,M_vs_B,0,1701,,,0.0
audit_fields,D_full,M_vs_S,0,0,,,
audit_fields,F_inner,M_vs_all,0,1701,,,0.0
audit_fields,F_inner,M_vs_B,0,1701,,,0.0
audit_fields,F_inner,M_vs_S,0,0,,,
audit_fields,F_full,M_vs_all,0,1701,,,0.0
audit_fields,F_full,M_vs_B,0,1701,,,0.0
audit_fields,F_full,M_vs_S,0,0,,,
authentication,D_inner,M_vs_all,28,4,0.7857142857142857,0.9472914966163299,0.875
authentication,D_inner,M_vs_B,28,3,1.0,1.0,0.9032258064516129
authentication,D_inner,M_vs_S,28,1,1.0,1.0,0.9655172413793104
authentication,D_full,M_vs_all,28,4,0.7857142857142857,0.9472914966163299,0.875
authentication,D_full,M_vs_B,28,3,1.0,1.0,0.9032258064516129
authentication,D_full,M_vs_S,28,1,1.0,1.0,0.9655172413793104
authentication,F_inner,M_vs_all,28,4,0.75,0.9187200680449015,0.875
authentication,F_inner,M_vs_B,28,3,1.0,1.0,0.9032258064516129
authentication,F_inner,M_vs_S,28,1,0.8571428571428571,0.9950738916256158,0.9655172413793104
authentication,F_full,M_vs_all,28,4,0.75,0.9187200680449015,0.875
authentication,F_full,M_vs_B,28,3,1.0,1.0,0.9032258064516129
authentication,F_full,M_vs_S,28,1,0.8571428571428571,0.9950738916256158,0.9655172413793104
bounded_payload,D_inner,M_vs_all,0,91,,,0.0
bounded_payload,D_inner,M_vs_B,0,0,,,
bounded_payload,D_inner,M_vs_S,0,91,,,0.0
bounded_payload,D_full,M_vs_all,0,91,,,0.0
bounded_payload,D_full,M_vs_B,0,0,,,
bounded_payload,D_full,M_vs_S,0,91,,,0.0
bounded_payload,F_inner,M_vs_all,0,91,,,0.0
bounded_payload,F_inner,M_vs_B,0,0,,,
bounded_payload,F_inner,M_vs_S,0,91,,,0.0
bounded_payload,F_full,M_vs_all,0,91,,,0.0
bounded_payload,F_full,M_vs_B,0,0,,,
bounded_payload,F_full,M_vs_S,0,91,,,0.0
cef_fields,D_inner,M_vs_all,0,8761,,,0.0
cef_fields,D_inner,M_vs_B,0,8761,,,0.0
cef_fields,D_inner,M_vs_S,0,0,,,
cef_fields,D_full,M_vs_all,0,8761,,,0.0
cef_fields,D_full,M_vs_B,0,8761,,,0.0
cef_fields,D_full,M_vs_S,0,0,,,
cef_fields,F_inner,M_vs_all,0,8761,,,0.0
cef_fields,F_inner,M_vs_B,0,8761,,,0.0
cef_fields,F_inner,M_vs_S,0,0,,,
cef_fields,F_full,M_vs_all,0,8761,,,0.0
cef_fields,F_full,M_vs_B,0,8761,,,0.0
cef_fields,F_full,M_vs_S,0,0,,,
empty,D_inner,M_vs_all,0,954292,,,0.0
empty,D_inner,M_vs_B,0,954292,,,0.0
empty,D_inner,M_vs_S,0,0,,,
empty,D_full,M_vs_all,0,954292,,,0.0
empty,D_full,M_vs_B,0,954292,,,0.0
empty,D_full,M_vs_S,0,0,,,
empty,F_inner,M_vs_all,0,954292,,,0.0
empty,F_inner,M_vs_B,0,954292,,,0.0
empty,F_inner,M_vs_S,0,0,,,
empty,F_full,M_vs_all,0,954292,,,0.0
empty,F_full,M_vs_B,0,954292,,,0.0
empty,F_full,M_vs_S,0,0,,,
unsupported,D_inner,M_vs_all,6226,925509,0.96794024924947,0.10537192709909564,0.0066821574803994695
unsupported,D_inner,M_vs_B,6226,925509,0.96800890856243,0.10551644257410019,0.0066821574803994695
unsupported,D_inner,M_vs_S,6226,0,,,1.0
unsupported,D_full,M_vs_all,6226,925509,0.9704450349778216,0.1072048029084686,0.0066821574803994695
unsupported,D_full,M_vs_B,6226,925509,0.9705194861566937,0.10737808151618007,0.0066821574803994695
unsupported,D_full,M_vs_S,6226,0,,,1.0
unsupported,F_inner,M_vs_all,6226,925509,0.9727592066400439,0.14608376700033232,0.0066821574803994695
unsupported,F_inner,M_vs_B,6226,925509,0.9734019860932623,0.1472731847542476,0.0066821574803994695
unsupported,F_inner,M_vs_S,6226,0,,,1.0
unsupported,F_full,M_vs_all,6226,925509,0.974877151467894,0.14323947859766967,0.0066821574803994695
unsupported,F_full,M_vs_B,6226,925509,0.975285137000226,0.14401087795997428,0.0066821574803994695
unsupported,F_full,M_vs_S,6226,0,,,1.0
vpc_v2,D_inner,M_vs_all,2664,53346,0.9809037189253138,0.5936980443813042,0.047562935190144616
vpc_v2,D_inner,M_vs_B,2664,51493,1.0,1.0,0.049190317041195045
vpc_v2,D_inner,M_vs_S,2664,1853,0.4504666566188422,0.5942528502008979,0.5897719725481514
vpc_v2,D_full,M_vs_all,2664,53346,0.9806782516404605,0.592392312633373,0.047562935190144616
vpc_v2,D_full,M_vs_B,2664,51493,1.0,1.0,0.049190317041195045
vpc_v2,D_full,M_vs_S,2664,1853,0.443948535691655,0.5924659462655782,0.5897719725481514
vpc_v2,F_inner,M_vs_all,2664,53346,0.9857852735200615,0.7177851540628732,0.047562935190144616
vpc_v2,F_inner,M_vs_B,2664,51493,1.0,1.0,0.049190317041195045
vpc_v2,F_inner,M_vs_S,2664,1853,0.5960798899277042,0.7209039176959711,0.5897719725481514
vpc_v2,F_full,M_vs_all,2664,53346,0.9859447795562969,0.7153436964657155,0.047562935190144616
vpc_v2,F_full,M_vs_B,2664,51493,1.0,1.0,0.049190317041195045
vpc_v2,F_full,M_vs_S,2664,1853,0.5957764294245677,0.7155018029787948,0.5897719725481514
windows_message,D_inner,M_vs_all,36,17789,0.9841818602007482,0.12527538235744123,0.0020196353436185135
windows_message,D_inner,M_vs_B,36,17780,0.9841863517060367,0.12569094518534626,0.002020655590480467
windows_message,D_inner,M_vs_S,36,9,0.05555555555555556,0.6876318687677715,0.8
windows_message,D_full,M_vs_all,36,17789,0.9831543837952292,0.10638111572572181,0.0020196353436185135
windows_message,D_full,M_vs_B,36,17780,0.9867704036995375,0.6813065596249229,0.002020655590480467
windows_message,D_full,M_vs_S,36,9,0.05555555555555555,0.6876318687677715,0.8
windows_message,F_inner,M_vs_all,36,17789,0.9846471914603907,0.12806155558418367,0.0020196353436185135
windows_message,F_inner,M_vs_B,36,17780,0.9874578177727784,0.6816931151696818,0.002020655590480467
windows_message,F_inner,M_vs_S,36,9,0.05555555555555555,0.6876318687677715,0.8
windows_message,F_full,M_vs_all,36,17789,0.9839288948851038,0.12630188862586744,0.0020196353436185135
windows_message,F_full,M_vs_B,36,17780,0.9867829021372329,0.6809854855911532,0.002020655590480467
windows_message,F_full,M_vs_S,36,9,0.05555555555555555,0.6876318687677715,0.8
