route,label,inner_rows,full_rows,inner_weight,full_weight,full_to_inner_weight
asa,malicious,62522,78748,1.0,1.0,1.0
asa,suspicious,23755,34059,1.0,1.0,1.0
asa_acl,benign,16,16,32.0,32.0,1.0
asa_protocol,malicious,44,48,22.727272727272727,20.833333333333332,0.9166666666666666
audit_fields,benign,6864,8577,1.0,1.0,1.0
authentication,benign,263,325,3.802281368821293,3.076923076923077,0.8092307692307693
authentication,suspicious,8,12,32.0,32.0,1.0
bounded_payload,suspicious,25,35,32.0,28.571428571428573,0.8928571428571429
cef_fields,benign,4040,4136,1.0,1.0,1.0
cef_fields,malicious,32,44,31.25,22.727272727272727,0.7272727272727273
cef_fields,suspicious,2,2,32.0,32.0,1.0
empty,benign,305357,356315,1.0,1.0,1.0
format_payload,benign,779,1009,1.2836970474967908,1.0,0.7789999999999999
native_firewall,malicious,180,260,5.555555555555555,3.8461538461538463,0.6923076923076924
native_flow,malicious,25626,32596,1.0,1.0,1.0
syslog_auth,suspicious,178,219,5.617977528089888,4.566210045662101,0.8127853881278538
syslog_body,benign,12690,17794,1.0,1.0,1.0
unsupported,benign,222044,271477,1.0,1.0,1.0
unsupported,malicious,22,30,32.0,32.0,1.0
vpc_v2,benign,23408,30131,1.0,1.0,1.0
vpc_v2,suspicious,7788,10620,1.0,1.0,1.0
windows_message,benign,670419,828391,1.0,1.0,1.0
windows_message,malicious,2,2,32.0,32.0,1.0
windows_message,suspicious,38,473,26.31578947368421,2.1141649048625792,0.08033826638477802
windows_rendered,benign,287448,381552,1.0,1.0,1.0
