route,model,label,rows,pred_benign,pred_malicious,pred_suspicious
asa,D_inner,benign,0,0,0,0
asa,D_inner,malicious,5098,0,2952,2146
asa,D_inner,suspicious,38473,0,1043,37430
asa,D_full,benign,0,0,0,0
asa,D_full,malicious,5098,0,2482,2616
asa,D_full,suspicious,38473,0,676,37797
asa,F_inner,benign,0,0,0,0
asa,F_inner,malicious,5098,0,2204,2894
asa,F_inner,suspicious,38473,0,1265,37208
asa,F_full,benign,0,0,0,0
asa,F_full,malicious,5098,0,2186,2912
asa,F_full,suspicious,38473,0,1055,37418
asa_acl,D_inner,benign,34,28,4,2
asa_acl,D_inner,malicious,0,0,0,0
asa_acl,D_inner,suspicious,0,0,0,0
asa_acl,D_full,benign,34,30,4,0
asa_acl,D_full,malicious,0,0,0,0
asa_acl,D_full,suspicious,0,0,0,0
asa_acl,F_inner,benign,34,34,0,0
asa_acl,F_inner,malicious,0,0,0,0
asa_acl,F_inner,suspicious,0,0,0,0
asa_acl,F_full,benign,34,34,0,0
asa_acl,F_full,malicious,0,0,0,0
asa_acl,F_full,suspicious,0,0,0,0
audit_fields,D_inner,benign,1701,1701,0,0
audit_fields,D_inner,malicious,0,0,0,0
audit_fields,D_inner,suspicious,0,0,0,0
audit_fields,D_full,benign,1701,1701,0,0
audit_fields,D_full,malicious,0,0,0,0
audit_fields,D_full,suspicious,0,0,0,0
audit_fields,F_inner,benign,1701,1701,0,0
audit_fields,F_inner,malicious,0,0,0,0
audit_fields,F_inner,suspicious,0,0,0,0
audit_fields,F_full,benign,1701,1701,0,0
audit_fields,F_full,malicious,0,0,0,0
audit_fields,F_full,suspicious,0,0,0,0
authentication,D_inner,benign,3,3,0,0
authentication,D_inner,malicious,28,28,0,0
authentication,D_inner,suspicious,1,1,0,0
authentication,D_full,benign,3,3,0,0
authentication,D_full,malicious,28,28,0,0
authentication,D_full,suspicious,1,1,0,0
authentication,F_inner,benign,3,3,0,0
authentication,F_inner,malicious,28,24,0,4
authentication,F_inner,suspicious,1,0,0,1
authentication,F_full,benign,3,3,0,0
authentication,F_full,malicious,28,24,0,4
authentication,F_full,suspicious,1,0,0,1
bounded_payload,D_inner,benign,0,0,0,0
bounded_payload,D_inner,malicious,0,0,0,0
bounded_payload,D_inner,suspicious,91,91,0,0
bounded_payload,D_full,benign,0,0,0,0
bounded_payload,D_full,malicious,0,0,0,0
bounded_payload,D_full,suspicious,91,91,0,0
bounded_payload,F_inner,benign,0,0,0,0
bounded_payload,F_inner,malicious,0,0,0,0
bounded_payload,F_inner,suspicious,91,39,0,52
bounded_payload,F_full,benign,0,0,0,0
bounded_payload,F_full,malicious,0,0,0,0
bounded_payload,F_full,suspicious,91,13,0,78
cef_fields,D_inner,benign,8761,8761,0,0
cef_fields,D_inner,malicious,0,0,0,0
cef_fields,D_inner,suspicious,0,0,0,0
cef_fields,D_full,benign,8761,8761,0,0
cef_fields,D_full,malicious,0,0,0,0
cef_fields,D_full,suspicious,0,0,0,0
cef_fields,F_inner,benign,8761,8753,8,0
cef_fields,F_inner,malicious,0,0,0,0
cef_fields,F_inner,suspicious,0,0,0,0
cef_fields,F_full,benign,8761,8753,8,0
cef_fields,F_full,malicious,0,0,0,0
cef_fields,F_full,suspicious,0,0,0,0
empty,D_inner,benign,954292,954292,0,0
empty,D_inner,malicious,0,0,0,0
empty,D_inner,suspicious,0,0,0,0
empty,D_full,benign,954292,954292,0,0
empty,D_full,malicious,0,0,0,0
empty,D_full,suspicious,0,0,0,0
empty,F_inner,benign,954292,954292,0,0
empty,F_inner,malicious,0,0,0,0
empty,F_inner,suspicious,0,0,0,0
empty,F_full,benign,954292,954292,0,0
empty,F_full,malicious,0,0,0,0
empty,F_full,suspicious,0,0,0,0
unsupported,D_inner,benign,925509,925509,0,0
unsupported,D_inner,malicious,6226,6226,0,0
unsupported,D_inner,suspicious,0,0,0,0
unsupported,D_full,benign,925509,925509,0,0
unsupported,D_full,malicious,6226,6226,0,0
unsupported,D_full,suspicious,0,0,0,0
unsupported,F_inner,benign,925509,925509,0,0
unsupported,F_inner,malicious,6226,6226,0,0
unsupported,F_inner,suspicious,0,0,0,0
unsupported,F_full,benign,925509,925509,0,0
unsupported,F_full,malicious,6226,6226,0,0
unsupported,F_full,suspicious,0,0,0,0
vpc_v2,D_inner,benign,51493,51493,0,0
vpc_v2,D_inner,malicious,2664,0,0,2664
vpc_v2,D_inner,suspicious,1853,0,0,1853
vpc_v2,D_full,benign,51493,51493,0,0
vpc_v2,D_full,malicious,2664,0,0,2664
vpc_v2,D_full,suspicious,1853,0,0,1853
vpc_v2,F_inner,benign,51493,51493,0,0
vpc_v2,F_inner,malicious,2664,0,0,2664
vpc_v2,F_inner,suspicious,1853,0,0,1853
vpc_v2,F_full,benign,51493,51493,0,0
vpc_v2,F_full,malicious,2664,0,0,2664
vpc_v2,F_full,suspicious,1853,0,0,1853
windows_message,D_inner,benign,17780,17780,0,0
windows_message,D_inner,malicious,36,36,0,0
windows_message,D_inner,suspicious,9,9,0,0
windows_message,D_full,benign,17780,17780,0,0
windows_message,D_full,malicious,36,12,0,24
windows_message,D_full,suspicious,9,9,0,0
windows_message,F_inner,benign,17780,17752,0,28
windows_message,F_inner,malicious,36,12,0,24
windows_message,F_inner,suspicious,9,9,0,0
windows_message,F_full,benign,17780,17778,0,2
windows_message,F_full,malicious,36,12,0,24
windows_message,F_full,suspicious,9,9,0,0
