route,model,M_rows,S_rows,M_vs_S_auroc,M_average_precision,M_prevalence_in_MS,M_vs_S_logit_margin_auroc
asa,D_inner,5098,38473,0.9806776701766882,0.8335521126453683,0.11700442955176608,0.9795162273498128
asa,D_full,5098,38473,0.983613744618423,0.8672644478822791,0.11700442955176608,0.9836831660650022
asa,F_inner,5098,38473,0.9704696278265059,0.6960682945967048,0.11700442955176608,0.9684053594947497
asa,F_full,5098,38473,0.9739112307106041,0.7562556142648038,0.11700442955176608,0.9723101731062724
asa_acl,D_inner,0,0,,,,
asa_acl,D_full,0,0,,,,
asa_acl,F_inner,0,0,,,,
asa_acl,F_full,0,0,,,,
audit_fields,D_inner,0,0,,,,
audit_fields,D_full,0,0,,,,
audit_fields,F_inner,0,0,,,,
audit_fields,F_full,0,0,,,,
authentication,D_inner,28,1,1.0,1.0,0.9655172413793104,1.0
authentication,D_full,28,1,1.0,1.0,0.9655172413793104,1.0
authentication,F_inner,28,1,0.8571428571428571,0.9950738916256158,0.9655172413793104,0.8571428571428571
authentication,F_full,28,1,0.8571428571428571,0.9950738916256158,0.9655172413793104,0.8571428571428571
bounded_payload,D_inner,0,91,,,0.0,
bounded_payload,D_full,0,91,,,0.0,
bounded_payload,F_inner,0,91,,,0.0,
bounded_payload,F_full,0,91,,,0.0,
cef_fields,D_inner,0,0,,,,
cef_fields,D_full,0,0,,,,
cef_fields,F_inner,0,0,,,,
cef_fields,F_full,0,0,,,,
empty,D_inner,0,0,,,,
empty,D_full,0,0,,,,
empty,F_inner,0,0,,,,
empty,F_full,0,0,,,,
unsupported,D_inner,6226,0,,,1.0,
unsupported,D_full,6226,0,,,1.0,
unsupported,F_inner,6226,0,,,1.0,
unsupported,F_full,6226,0,,,1.0,
vpc_v2,D_inner,2664,1853,0.4504666566188422,0.5942528502008979,0.5897719725481514,0.6804820200664776
vpc_v2,D_full,2664,1853,0.443948535691655,0.5924659462655782,0.5897719725481514,0.6957129822753136
vpc_v2,F_inner,2664,1853,0.5960798899277042,0.7209039176959711,0.5897719725481514,0.7465493015951732
vpc_v2,F_full,2664,1853,0.5957764294245677,0.7155018029787948,0.5897719725481514,0.7552568758720944
windows_message,D_inner,36,9,0.05555555555555556,0.6876318687677715,0.8,0.05555555555555556
windows_message,D_full,36,9,0.05555555555555555,0.6876318687677715,0.8,0.05555555555555555
windows_message,F_inner,36,9,0.05555555555555555,0.6876318687677715,0.8,0.05555555555555555
windows_message,F_full,36,9,0.05555555555555555,0.6876318687677715,0.8,0.05555555555555555
